<?xml version="1.0" encoding="UTF-8"?>
<beans xmlns="http://www.springframework.org/schema/beans"
    xmlns:xsi="http://www.w3.org/2001/XMLSchema-instance"
    xmlns:mvc="http://www.springframework.org/schema/mvc"
    xmlns:context="http://www.springframework.org/schema/context"
    xsi:schemaLocation="http://www.springframework.org/schema/beans
        http://www.springframework.org/schema/beans/spring-beans.xsd
        http://www.springframework.org/schema/mvc
        http://www.springframework.org/schema/mvc/spring-mvc.xsd  
        http://www.springframework.org/schema/context
        http://www.springframework.org/schema/context/spring-context.xsd">

    <mvc:annotation-driven>
        <mvc:message-converters>
            <bean class="org.springframework.http.converter.json.MappingJackson2HttpMessageConverter" />
        </mvc:message-converters>
    </mvc:annotation-driven>
    
    <mvc:interceptors>
	    <mvc:interceptor>
	        <mvc:mapping path="/**" />
	        <bean class="techit.rest.authentication.AuthenticationHandlerInterceptor" />
	    </mvc:interceptor>
	</mvc:interceptors>

    <context:component-scan base-package="techit.rest" />

</beans>

